{
  "dataset": {
    "n_samples": 42,
    "n_classes": 42,
    "n_features": 163,
    "eval_method": "Leave-One-Out Cross-Validation"
  },
  "LightGBM": {
    "accuracy": 0.8397212543554007,
    "precision": 0.8436282135794331,
    "recall": 0.8397212543554007,
    "f1_score": 0.8416280676750989,
    "mean_auc": 0.8366087175610986,
    "training_time_sec": 2.12
  },
  "EfficientNetV2": {
    "accuracy": 0.8780487804878049,
    "precision": 0.7709696609161213,
    "recall": 0.8780487804878049,
    "f1_score": 0.8210326259106746,
    "mean_auc": 0.54145880574452,
    "training_time_sec": 6.22
  }
}